region,year,Value
Northeast,2020,1.059831781
Midwest,2020,1.05486348
South,2020,1.053654006
West,2020,1.071398094
