"region","year","Value"
"Northeast",2020,530.261374855558
"Midwest",2020,939.022565877415
"South",2020,1881.22995768926
"West",2020,754.511738783352
